dataset,condition,horizon,window,target_mode,seed,val_mae,test_mae,test_rmse,best_epoch,params,seconds
ETTh1,B,1,96,delta,42,0.5788438320159912,0.41540035605430603,0.5770272016525269,9,70081,66.87174558639526
ETTh1,B,24,96,delta,42,1.905970811843872,1.4620709419250488,1.8634161949157715,1,70081,42.46663856506348
ETTh1,B,96,96,delta,42,2.606945753097534,2.1276066303253174,2.6470508575439453,3,70081,44.984153270721436
ETTh1,B,336,96,delta,42,3.0096426010131836,2.4014389514923096,2.9702930450439453,6,70081,48.372056007385254
ETTh1,C,1,96,delta,42,0.5772233605384827,0.4468468427658081,0.6082487106323242,9,71425,56.95507097244263
ETTh1,C,24,96,delta,42,1.8847792148590088,1.543430209159851,1.9279305934906006,1,71425,42.16709089279175
ETTh1,C,96,96,delta,42,2.543160915374756,2.106616258621216,2.681352376937866,1,71425,46.530465602874756
ETTh1,C,336,96,delta,42,3.047701597213745,2.84538197517395,3.4998507499694824,1,71425,37.464131593704224
ETTh2,B,1,96,delta,42,0.4417097270488739,0.3645331561565399,0.5160548090934753,21,70081,82.2374997138977
ETTh2,B,24,96,delta,42,3.0014984607696533,2.612352132797241,3.4429256916046143,1,70081,36.47966980934143
ETTh2,B,96,96,delta,42,4.5387678146362305,3.736088275909424,4.717376708984375,1,70081,32.013936281204224
ETTh2,B,336,96,delta,42,5.458391189575195,4.515779972076416,5.568606376647949,3,70081,36.56322193145752
ETTh2,C,1,96,delta,42,0.48881959915161133,0.4509088695049286,0.6318779587745667,6,71425,46.57913017272949
ETTh2,C,24,96,delta,42,2.975857973098755,2.6594913005828857,3.4768569469451904,1,71425,30.519684553146362
ETTh2,C,96,96,delta,42,4.377322196960449,4.042695045471191,5.078011989593506,1,71425,31.380173921585083
ETTh2,C,336,96,delta,42,4.932997703552246,5.442593574523926,6.616386413574219,2,71425,35.78915548324585
