dataset,condition,horizon,window,split_mode,target_mode,seed,val_mae,test_mae,test_rmse,best_epoch,params,seconds
ETTh1,B,1,96,informer,delta,42,0.5788438320159912,0.415400356054306,0.5770272016525269,9,70081,66.87174558639526
ETTh1,B,24,96,informer,delta,42,1.905970811843872,1.4620709419250488,1.8634161949157717,1,70081,42.46663856506348
ETTh1,B,96,96,informer,delta,42,2.606945753097534,2.1276066303253174,2.6470508575439453,3,70081,44.98415327072144
ETTh1,B,336,96,informer,delta,42,3.009642601013184,2.4014389514923096,2.9702930450439453,6,70081,48.37205600738525
ETTh1,C,1,96,informer,delta,42,0.5772233605384827,0.4468468427658081,0.6082487106323242,9,71425,56.95507097244263
ETTh1,C,24,96,informer,delta,42,1.8847792148590088,1.543430209159851,1.9279305934906008,1,71425,42.16709089279175
ETTh1,C,96,96,informer,delta,42,2.543160915374756,2.106616258621216,2.681352376937866,1,71425,46.53046560287476
ETTh1,C,336,96,informer,delta,42,3.047701597213745,2.84538197517395,3.4998507499694824,1,71425,37.464131593704224
ETTh2,B,1,96,informer,delta,42,0.4417097270488739,0.3645331561565399,0.5160548090934753,21,70081,82.2374997138977
ETTh2,B,24,96,informer,delta,42,3.0014984607696533,2.612352132797241,3.4429256916046143,1,70081,36.47966980934143
ETTh2,B,96,96,informer,delta,42,4.538767814636231,3.736088275909424,4.717376708984375,1,70081,32.013936281204224
ETTh2,B,336,96,informer,delta,42,5.458391189575195,4.515779972076416,5.568606376647949,3,70081,36.56322193145752
ETTh2,C,1,96,informer,delta,42,0.4888195991516113,0.4509088695049286,0.6318779587745667,6,71425,46.57913017272949
ETTh2,C,24,96,informer,delta,42,2.975857973098755,2.6594913005828857,3.4768569469451904,1,71425,30.51968455314636
ETTh2,C,96,96,informer,delta,42,4.377322196960449,4.042695045471191,5.078011989593506,1,71425,31.380173921585083
ETTh2,C,336,96,informer,delta,42,4.932997703552246,5.442593574523926,6.616386413574219,2,71425,35.78915548324585
ETTh1,D,1,96,informer,delta,42,0.5698940753936768,0.4214542508125305,0.5876949429512024,5,71265,35.49409222602844
ETTh1,D,24,96,informer,delta,42,1.8832722902297971,1.588811278343201,2.015009880065918,1,71265,33.13290596008301
ETTh1,D,96,96,informer,delta,42,2.51065731048584,2.279132127761841,2.896775245666504,1,71265,32.091068744659424
ETTh1,D,336,96,informer,delta,42,2.8626604080200195,2.953244924545288,3.6253855228424072,1,71265,33.66201829910278
ETTh2,D,1,96,informer,delta,42,0.606842577457428,0.6375590562820435,0.854101300239563,7,71265,44.65728998184204
ETTh2,D,24,96,informer,delta,42,3.037707567214966,2.9115710258483887,3.824041128158569,2,71265,32.32838582992554
ETTh2,D,96,96,informer,delta,42,4.861791133880615,4.267120838165283,5.38988733291626,1,71265,31.613301277160645
ETTh2,D,336,96,informer,delta,42,5.645833492279053,5.688138961791992,7.038324356079102,1,71265,30.90954899787903
