dataset,condition,horizon,mae,p50,p90,p95,p99,worst
ETTh1,A,1,0.6328018,0.49199962615966797,1.3369998931884766,1.7590002417564392,3.166001081466675,6.894
ETTh1,A,24,1.8644252,1.4070004224777222,4.0799994468688965,5.065000534057617,7.457000255584717,10.904
ETTh1,A,96,2.837938,2.321000099182129,6.050000190734863,7.175000190734863,9.708000183105469,13.859
ETTh1,A,336,3.0601258,2.602999687194824,6.26099967956543,7.316999888420105,9.41129970550537,15.195001
ETTh1,B,1,0.47635564,0.33151471614837646,1.0304777741432192,1.4061834812164307,2.6103565835952756,6.9857626
ETTh1,B,24,1.7455864,1.4480338096618652,3.4881305456161504,4.4552604198455805,6.538335185050963,10.273335
ETTh1,B,96,2.5571208,2.138324022293091,5.331708049774171,6.4464015483856185,8.405025653839111,11.555324
ETTh1,B,336,2.8786385,2.4043383598327637,5.984964513778687,7.051533055305478,8.827335729598996,12.658616
ETTh1,C,1,0.48484686,0.3313716650009155,1.0615285873413087,1.4274126291275022,2.634316787719729,6.7463255
ETTh1,C,24,1.799313,1.48948734998703,3.7373939037323,4.59219536781311,6.42646317481994,10.872083
ETTh1,C,96,2.5466995,2.058289051055908,5.437214708328248,6.487999343872069,8.254760131835937,14.572049
ETTh1,C,336,3.1990037,2.5577328205108643,6.751145553588867,8.309881067275999,11.816451139450066,22.247559
ETTh1,D,1,0.4865077,0.336580365896225,1.0576853990554815,1.420348930358886,2.7039001703262304,6.9706125
ETTh1,D,24,1.7492633,1.3562746047973633,3.766178154945374,4.751350903511048,7.0947491073608395,10.582551
ETTh1,D,96,2.6627104,2.1719493865966797,5.692475986480714,6.709886837005615,8.982728290557857,12.694894
ETTh1,D,336,3.3580332,2.74410343170166,7.09140625,8.6448664188385,11.936376485824585,18.154942
ETTh2,A,1,1.1650225,0.879000186920166,2.417499542236328,3.076000213623047,3.9555010414123535,6.8115005
ETTh2,A,24,3.3920624,2.6364974975585938,7.470500373840332,9.44800033569336,14.501999969482421,25.268
ETTh2,A,96,5.365508,4.174499988555908,11.864999771118164,14.282499313354492,20.03120059967031,30.762001
ETTh2,A,336,6.0285463,5.272998809814453,12.084999942779541,14.721500396728516,20.215395336151122,33.1785
ETTh2,B,1,0.41596475,0.27901649475097656,0.9340744018554688,1.2560601711273185,2.1544177627563457,6.002838
ETTh2,B,24,3.1596859,2.456663131713867,6.692556762695313,8.390500640869138,12.68114933013916,23.03166
ETTh2,B,96,4.699846,3.7032976150512695,10.160081481933595,12.249526309967038,16.996320304870604,28.133015
ETTh2,B,336,5.351418,4.904721260070801,10.234662628173828,12.04804329872131,17.262321319580074,29.118652
ETTh2,C,1,0.496292,0.34076642990112305,1.1147047042846683,1.4935552597045898,2.382121067047119,5.983059
ETTh2,C,24,3.1747267,2.544156074523926,6.666254806518555,8.182216548919666,12.428181543350219,22.846777
ETTh2,C,96,4.8757734,4.058736562728882,10.095330238342285,12.218972015380858,15.735602416992185,24.813126
ETTh2,C,336,5.5227585,4.799162864685059,11.210240554809571,13.071384286880491,16.6854594039917,23.905882
ETTh2,D,1,0.6661358,0.47344493865966797,1.5157932281494142,1.972688579559325,2.961837396621704,6.592453
ETTh2,D,24,3.1941707,2.400519371032715,6.925093078613282,8.832227325439451,13.955968532562247,25.630571
ETTh2,D,96,5.3633437,4.249325752258301,11.563471984863282,14.052937984466553,19.93460166931151,29.726479
ETTh2,D,336,5.9333806,5.147030830383301,11.904088973999025,14.40041246414183,19.72578184127807,35.601177
