dataset,condition,horizon,delta,n_events,tp,fp,fn,precision,recall,f1
ETTh1,A,1,1.6890002250671396,137,0,0,137,,0.0,0.0
ETTh1,B,1,1.6890002250671396,141,0,0,141,,0.0,0.0
ETTh1,C,1,1.6890002250671396,141,1,2,140,0.3333333333333333,0.0070921985815602835,0.013888888888888888
ETTh1,D,1,1.6890002250671396,141,0,0,141,,0.0,0.0
ETTh1,A,24,5.065000534057614,109,0,0,109,,0.0,0.0
ETTh1,B,24,5.065000534057614,111,0,0,111,,0.0,0.0
ETTh1,C,24,5.065000534057614,111,2,23,109,0.08,0.018018018018018018,0.029411764705882353
ETTh1,D,24,5.065000534057614,111,0,0,111,,0.0,0.0
ETTh1,A,96,7.948999404907227,87,0,0,87,,0.0,0.0
ETTh1,B,96,7.948999404907227,87,10,1,77,0.9090909090909091,0.11494252873563218,0.20408163265306123
ETTh1,C,96,7.948999404907227,87,17,22,70,0.4358974358974359,0.19540229885057472,0.2698412698412699
ETTh1,D,96,7.948999404907227,87,0,0,87,,0.0,0.0
ETTh1,A,336,8.512000286579132,68,0,0,68,,0.0,0.0
ETTh1,B,336,8.512000286579132,68,0,3,68,0.0,0.0,0.0
ETTh1,C,336,8.512000286579132,68,16,141,52,0.10191082802547771,0.23529411764705882,0.14222222222222222
ETTh1,D,336,8.512000286579132,68,0,147,68,0.0,0.0,0.0
ETTh2,A,1,2.63649940490723,430,0,0,430,,0.0,0.0
ETTh2,B,1,2.63649940490723,444,221,45,223,0.8308270676691729,0.49774774774774777,0.6225352112676056
ETTh2,C,1,2.63649940490723,444,172,97,272,0.6394052044609665,0.38738738738738737,0.48246844319775595
ETTh2,D,1,2.63649940490723,444,0,0,444,,0.0,0.0
ETTh2,A,24,6.371999740600586,438,0,0,438,,0.0,0.0
ETTh2,B,24,6.371999740600586,452,41,53,411,0.43617021276595747,0.09070796460176991,0.15018315018315018
ETTh2,C,24,6.371999740600586,452,0,0,452,,0.0,0.0
ETTh2,D,24,6.371999740600586,452,0,0,452,,0.0,0.0
ETTh2,A,96,9.888425254821772,566,0,0,566,,0.0,0.0
ETTh2,B,96,9.888425254821772,581,103,101,478,0.5049019607843137,0.17728055077452667,0.2624203821656051
ETTh2,C,96,9.888425254821772,581,26,21,555,0.5531914893617021,0.04475043029259897,0.08280254777070063
ETTh2,D,96,9.888425254821772,581,0,0,581,,0.0,0.0
ETTh2,A,336,12.304500579833988,428,0,0,428,,0.0,0.0
ETTh2,B,336,12.304500579833988,436,21,3,415,0.875,0.0481651376146789,0.09130434782608697
ETTh2,C,336,12.304500579833988,436,13,19,423,0.40625,0.02981651376146789,0.05555555555555556
ETTh2,D,336,12.304500579833988,436,0,0,436,,0.0,0.0
