dataset,condition,horizon,window,split_mode,target_mode,seed,val_mae,test_mae,test_rmse,best_epoch,params,seconds,baseline_mae,persistence_ratio
ETTh1,A,1,,fiscal,delta,,0.7104576826095581,0.4896361529827118,0.7350595593452454,,,,0.4896361529827118,1.0
ETTh1,A,24,,fiscal,delta,,2.2667832374572754,1.747040033340454,2.3368852138519287,,,,1.747040033340454,1.0
ETTh1,A,96,,fiscal,delta,,3.098653793334961,2.7307870388031006,3.49685001373291,,,,2.7307870388031006,1.0
ETTh1,A,336,,fiscal,delta,,3.786208152770996,2.9694724082946777,3.699186563491821,,,,2.9694724082946777,1.0
ETTh1,B,1,96.0,fiscal,delta,42.0,0.64443039894104,0.476355642080307,0.7125917077064514,8.0,70081.0,38.02077341079712,0.4896361529827118,0.9728767763133829
ETTh1,B,24,96.0,fiscal,delta,42.0,2.1779489517211914,1.745586395263672,2.2379839420318604,3.0,70081.0,28.61837863922119,1.747040033340454,0.9991679423201296
ETTh1,B,96,96.0,fiscal,delta,42.0,2.673958778381348,2.5571208000183105,3.219210624694824,3.0,70081.0,29.86847734451294,2.7307870388031006,0.9364043272810803
ETTh1,B,336,96.0,fiscal,delta,42.0,3.1620187759399414,2.87863826751709,3.5978736877441406,5.0,70081.0,29.514607906341556,2.9694724082946777,0.9694106803202281
ETTh1,C,1,96.0,fiscal,delta,42.0,0.6384923458099365,0.4847654104232788,0.7199459075927734,6.0,71425.0,33.158889055252075,0.4896361529827118,0.9900523224648304
ETTh1,C,24,96.0,fiscal,delta,42.0,2.19937801361084,1.799312949180603,2.303743600845337,1.0,71425.0,25.969191551208496,1.747040033340454,1.0299208460267506
ETTh1,C,96,96.0,fiscal,delta,42.0,2.398236036300659,2.546699285507202,3.226346969604492,1.0,71425.0,24.622984409332275,2.7307870388031006,0.9325880229105732
ETTh1,C,336,96.0,fiscal,delta,42.0,3.004939556121826,3.1990036964416504,4.145287036895752,3.0,71425.0,27.890638828277588,2.9694724082946777,1.0772969930637575
ETTh1,D,1,96.0,fiscal,delta,42.0,0.6482458114624023,0.4865077137947082,0.7218226194381714,5.0,71265.0,31.658454418182373,0.4896361529827118,0.9936106858757342
ETTh1,D,24,96.0,fiscal,delta,42.0,2.2782115936279297,1.7492631673812866,2.322404146194458,1.0,71265.0,25.376912593841556,1.747040033340454,1.0012725146524444
ETTh1,D,96,96.0,fiscal,delta,42.0,3.0159478187561035,2.662710189819336,3.385491847991944,1.0,71265.0,25.060198545455933,2.7307870388031006,0.9750706122387329
ETTh1,D,336,96.0,fiscal,delta,42.0,3.419597625732422,3.3580331802368164,4.300989627838135,6.0,71265.0,31.2373468875885,2.9694724082946777,1.130851787292842
ETTh2,A,1,,fiscal,delta,,1.021756649017334,0.8912070989608765,1.2449980974197388,,,,0.8912070989608765,1.0
ETTh2,A,24,,fiscal,delta,,3.680431365966797,3.1640002727508545,4.336090564727783,,,,3.1640002727508545,1.0
ETTh2,A,96,,fiscal,delta,,4.287593841552734,5.103559494018555,6.782984256744385,,,,5.103559494018555,1.0
ETTh2,A,336,,fiscal,delta,,5.664098262786865,5.869640827178955,7.360384464263916,,,,5.869640827178955,1.0
ETTh2,B,1,96.0,fiscal,delta,42.0,0.5669826865196228,0.4159647226333618,0.6247854232788086,16.0,70081.0,48.69617676734924,0.8912070989608765,0.4667430534590282
ETTh2,B,24,96.0,fiscal,delta,42.0,3.388770818710327,3.1596858501434326,4.199023246765137,5.0,70081.0,30.479528665542603,3.1640002727508545,0.9986364025804363
ETTh2,B,96,96.0,fiscal,delta,42.0,3.629668474197388,4.699845790863037,6.099681377410889,3.0,70081.0,29.00147819519043,5.103559494018555,0.9208956604447003
ETTh2,B,336,96.0,fiscal,delta,42.0,5.041170597076416,5.3514180183410645,6.544916152954102,2.0,70081.0,25.717278003692627,5.869640827178955,0.911711325429267
ETTh2,C,1,96.0,fiscal,delta,42.0,0.6482978463172913,0.4962919354438782,0.7204734086990356,6.0,71425.0,33.69695973396301,0.8912070989608765,0.5568761021120021
ETTh2,C,24,96.0,fiscal,delta,42.0,3.42052960395813,3.1747264862060547,4.174633979797363,1.0,71425.0,25.472051858901978,3.1640002727508545,1.0033900798137019
ETTh2,C,96,96.0,fiscal,delta,42.0,3.681915283203125,4.8757734298706055,6.118844032287598,1.0,71425.0,24.420247316360477,5.103559494018555,0.9553672168581717
ETTh2,C,336,96.0,fiscal,delta,42.0,5.339901924133301,5.522758960723877,6.828368186950684,5.0,71425.0,29.588959455490112,5.869640827178955,0.9409023692133144
ETTh2,D,1,96.0,fiscal,delta,42.0,0.8476343750953674,0.6661357879638672,0.9287965297698976,4.0,71265.0,32.743346214294434,0.8912070989608765,0.747453413174742
ETTh2,D,24,96.0,fiscal,delta,42.0,3.67050838470459,3.1941709518432617,4.331600189208984,1.0,71265.0,30.390307903289795,3.1640002727508545,1.0095356120390522
ETTh2,D,96,96.0,fiscal,delta,42.0,5.077574253082275,5.363343715667725,6.999163627624512,1.0,71265.0,26.027880668640137,5.103559494018555,1.050902555746365
ETTh2,D,336,96.0,fiscal,delta,42.0,6.94488000869751,5.933381080627441,7.445970058441162,1.0,71265.0,25.83702564239502,5.869640827178955,1.0108593107014898
ETTh1,A,1,,informer,absolute,,0.6082382202148438,0.4201524555683136,0.59297776222229,,,,0.4201524555683136,1.0
ETTh1,A,24,,informer,absolute,,1.9728779792785645,1.5266811847686768,1.96448278427124,,,,1.5266811847686768,1.0
ETTh1,A,96,,informer,absolute,,2.9247844219207764,2.143505096435547,2.706456422805786,,,,2.143505096435547,1.0
ETTh1,A,336,,informer,absolute,,3.3932645320892334,2.7997477054595947,3.3865835666656494,,,,2.7997477054595947,1.0
ETTh1,B,1,96.0,informer,absolute,42.0,0.5935221910476685,0.469355434179306,0.6258786916732788,11.0,70081.0,62.688297510147095,0.4201524555683136,1.1171074403086343
ETTh1,B,24,96.0,informer,absolute,42.0,1.912749528884888,2.4235551357269287,2.941378593444824,4.0,70081.0,45.52338218688965,1.5266811847686768,1.587466433664175
ETTh1,B,96,96.0,informer,absolute,42.0,2.5416150093078613,4.208925247192383,4.841400146484375,2.0,70081.0,43.10314321517944,2.143505096435547,1.9635713739106293
ETTh1,B,336,96.0,informer,absolute,42.0,3.280261278152466,3.669774055480957,4.317313194274902,1.0,70081.0,40.84404349327088,2.7997477054595947,1.3107516967778146
ETTh1,C,1,96.0,informer,absolute,42.0,0.934346079826355,0.9621067643165588,1.2152973413467407,20.0,71425.0,89.46469140052795,0.4201524555683136,2.2898991819890187
ETTh1,C,24,96.0,informer,absolute,42.0,2.677467107772827,6.988811492919922,7.302178859710693,1.0,71425.0,41.13491868972778,1.5266811847686768,4.577780588799795
ETTh1,C,96,96.0,informer,absolute,42.0,3.116326332092285,8.34096908569336,8.771907806396484,1.0,71425.0,47.65882611274719,2.143505096435547,3.8912756025463286
ETTh1,C,336,96.0,informer,absolute,42.0,3.115513801574707,6.555651664733887,7.26121187210083,1.0,71425.0,38.95466375350952,2.7997477054595947,2.341515148650774
ETTh1,D,1,96.0,informer,absolute,42.0,4.048907279968262,13.714542388916016,14.503849029541016,6.0,71265.0,48.19535088539124,0.4201524555683136,32.641823716977264
ETTh1,D,24,96.0,informer,absolute,42.0,4.263036727905273,14.768359184265137,15.460652351379396,5.0,71265.0,48.58340883255005,1.5266811847686768,9.67350572706694
ETTh1,D,96,96.0,informer,absolute,42.0,4.415037631988525,15.212947845458984,16.268451690673828,4.0,71265.0,46.54517555236816,2.143505096435547,7.0972296127295085
ETTh1,D,336,96.0,informer,absolute,42.0,3.966162204742432,15.715187072753906,16.501720428466797,3.0,71265.0,47.30249524116516,2.7997477054595947,5.61307257868586
ETTh2,A,1,,informer,absolute,,0.846335768699646,0.8411433100700378,1.2156963348388672,,,,0.8411433100700378,1.0
ETTh2,A,24,,informer,absolute,,3.099596738815308,2.6773760318756104,3.5606558322906494,,,,2.6773760318756104,1.0
ETTh2,A,96,,informer,absolute,,4.655922889709473,4.001540660858154,5.103513240814209,,,,4.001540660858154,1.0
ETTh2,A,336,,informer,absolute,,6.019833087921143,5.476829528808594,6.660637378692627,,,,5.476829528808594,1.0
ETTh2,B,1,96.0,informer,absolute,42.0,0.4640055298805237,0.423051655292511,0.5671334862709045,56.0,70081.0,178.0107786655426,0.8411433100700378,0.5029483682837418
ETTh2,B,24,96.0,informer,absolute,42.0,3.1694607734680176,2.6639978885650635,3.468922138214112,3.0,70081.0,40.69345307350159,2.6773760318756104,0.9950032632132084
ETTh2,B,96,96.0,informer,absolute,42.0,4.611950874328613,4.865068435668945,6.071249961853027,1.0,70081.0,38.44562530517578,4.001540660858154,1.2157988255017762
ETTh2,B,336,96.0,informer,absolute,42.0,5.342523097991943,5.38617467880249,6.488465785980225,5.0,70081.0,52.591248750686646,5.476829528808594,0.9834475676978348
ETTh2,C,1,96.0,informer,absolute,42.0,0.6848257184028625,1.561448335647583,1.867727756500244,41.0,71425.0,166.3927252292633,0.8411433100700378,1.8563404320692618
ETTh2,C,24,96.0,informer,absolute,42.0,4.008514404296875,6.870142459869385,7.748531818389893,2.0,71425.0,64.06404042243958,2.6773760318756104,2.565998342435512
ETTh2,C,96,96.0,informer,absolute,42.0,4.555304527282715,8.957321166992188,10.524225234985352,4.0,71425.0,47.48793768882752,4.001540660858154,2.2384681116975673
ETTh2,C,336,96.0,informer,absolute,42.0,4.373067855834961,8.265241622924805,9.563403129577637,4.0,71425.0,45.43781852722168,5.476829528808594,1.509128881855629
ETTh2,D,1,96.0,informer,absolute,42.0,6.616240978240967,13.656526565551758,15.095083236694336,5.0,71265.0,49.91852045059204,0.8411433100700378,16.235671617497196
ETTh2,D,24,96.0,informer,absolute,42.0,6.407036781311035,11.286553382873535,12.806039810180664,3.0,71265.0,49.53616428375244,2.6773760318756104,4.215527908108913
ETTh2,D,96,96.0,informer,absolute,42.0,5.160721302032471,15.570453643798828,17.470516204833984,4.0,71265.0,48.572261095047,4.001540660858154,3.891114688925753
ETTh2,D,336,96.0,informer,absolute,42.0,3.965230226516724,12.09327507019043,13.29001808166504,5.0,71265.0,56.66049242019653,5.476829528808594,2.2080795114360896
ETTh1,A,1,,informer,delta,,0.6082382202148438,0.4201524555683136,0.59297776222229,,,,0.4201524555683136,1.0
ETTh1,A,24,,informer,delta,,1.9728779792785645,1.5266811847686768,1.96448278427124,,,,1.5266811847686768,1.0
ETTh1,A,96,,informer,delta,,2.9247844219207764,2.143505096435547,2.706456422805786,,,,2.143505096435547,1.0
ETTh1,A,336,,informer,delta,,3.3932645320892334,2.7997477054595947,3.3865835666656494,,,,2.7997477054595947,1.0
ETTh1,B,1,96.0,informer,delta,42.0,0.5788438320159912,0.415400356054306,0.5770272016525269,9.0,70081.0,66.87174558639526,0.4201524555683136,0.9886895829096614
ETTh1,B,24,96.0,informer,delta,42.0,1.905970811843872,1.4620709419250488,1.863416194915772,1.0,70081.0,42.46663856506348,1.5266811847686768,0.9576792826896483
ETTh1,B,96,96.0,informer,delta,42.0,2.606945753097534,2.1276066303253174,2.6470508575439453,3.0,70081.0,44.98415327072144,2.143505096435547,0.9925829585678769
ETTh1,B,336,96.0,informer,delta,42.0,3.009642601013184,2.4014389514923096,2.9702930450439453,6.0,70081.0,48.37205600738525,2.7997477054595947,0.8577340546826521
ETTh1,C,1,96.0,informer,delta,42.0,0.5772233605384827,0.4468468427658081,0.6082487106323242,9.0,71425.0,56.95507097244263,0.4201524555683136,1.0635350022205314
ETTh1,C,24,96.0,informer,delta,42.0,1.8847792148590088,1.543430209159851,1.9279305934906008,1.0,71425.0,42.16709089279175,1.5266811847686768,1.0109708723460242
ETTh1,C,96,96.0,informer,delta,42.0,2.543160915374756,2.106616258621216,2.681352376937866,1.0,71425.0,46.53046560287476,2.143505096435547,0.9827904128263218
ETTh1,C,336,96.0,informer,delta,42.0,3.047701597213745,2.84538197517395,3.4998507499694824,1.0,71425.0,37.464131593704224,2.7997477054595947,1.0162994221319896
ETTh1,D,1,96.0,informer,delta,42.0,0.5698940753936768,0.4214542508125305,0.5876949429512024,5.0,71265.0,35.49409222602844,0.4201524555683136,1.0030983878041508
ETTh1,D,24,96.0,informer,delta,42.0,1.8832722902297967,1.588811278343201,2.015009880065918,1.0,71265.0,33.13290596008301,1.5266811847686768,1.0406961808361699
ETTh1,D,96,96.0,informer,delta,42.0,2.51065731048584,2.279132127761841,2.896775245666504,1.0,71265.0,32.091068744659424,2.143505096435547,1.0632734820886731
ETTh1,D,336,96.0,informer,delta,42.0,2.8626604080200195,2.953244924545288,3.6253855228424072,1.0,71265.0,33.66201829910278,2.7997477054595947,1.0548253754387829
ETTh2,A,1,,informer,delta,,0.846335768699646,0.8411433100700378,1.2156963348388672,,,,0.8411433100700378,1.0
ETTh2,A,24,,informer,delta,,3.099596738815308,2.6773760318756104,3.5606558322906494,,,,2.6773760318756104,1.0
ETTh2,A,96,,informer,delta,,4.655922889709473,4.001540660858154,5.103513240814209,,,,4.001540660858154,1.0
ETTh2,A,336,,informer,delta,,6.019833087921143,5.476829528808594,6.660637378692627,,,,5.476829528808594,1.0
ETTh2,B,1,96.0,informer,delta,42.0,0.4417097270488739,0.3645331561565399,0.5160548090934753,21.0,70081.0,82.2374997138977,0.8411433100700378,0.4333781791906388
ETTh2,B,24,96.0,informer,delta,42.0,3.0014984607696533,2.612352132797241,3.4429256916046143,1.0,70081.0,36.47966980934143,2.6773760318756104,0.9757135724290408
ETTh2,B,96,96.0,informer,delta,42.0,4.538767814636231,3.736088275909424,4.717376708984375,1.0,70081.0,32.013936281204224,4.001540660858154,0.9336624546776934
ETTh2,B,336,96.0,informer,delta,42.0,5.458391189575195,4.515779972076416,5.568606376647949,3.0,70081.0,36.56322193145752,5.476829528808594,0.824524471379477
ETTh2,C,1,96.0,informer,delta,42.0,0.4888195991516113,0.4509088695049286,0.6318779587745667,6.0,71425.0,46.57913017272949,0.8411433100700378,0.5360666418037416
ETTh2,C,24,96.0,informer,delta,42.0,2.975857973098755,2.6594913005828857,3.4768569469451904,1.0,71425.0,30.51968455314636,2.6773760318756104,0.9933200525141791
ETTh2,C,96,96.0,informer,delta,42.0,4.377322196960449,4.042695045471191,5.078011989593506,1.0,71425.0,31.380173921585083,4.001540660858154,1.0102846348696632
ETTh2,C,336,96.0,informer,delta,42.0,4.932997703552246,5.442593574523926,6.616386413574219,2.0,71425.0,35.78915548324585,5.476829528808594,0.9937489465201383
ETTh2,D,1,96.0,informer,delta,42.0,0.606842577457428,0.6375590562820435,0.854101300239563,7.0,71265.0,44.65728998184204,0.8411433100700378,0.7579672199128078
ETTh2,D,24,96.0,informer,delta,42.0,3.037707567214966,2.9115710258483887,3.824041128158569,2.0,71265.0,32.32838582992554,2.6773760318756104,1.0874718348056307
ETTh2,D,96,96.0,informer,delta,42.0,4.861791133880615,4.267120838165283,5.38988733291626,1.0,71265.0,31.613301277160645,4.001540660858154,1.066369481111351
ETTh2,D,336,96.0,informer,delta,42.0,5.645833492279053,5.688138961791992,7.038324356079102,1.0,71265.0,30.90954899787903,5.476829528808594,1.0385824374981716
