dataset,month,year1,year2,diff
ETTh1,7,33.80428369070894,21.036006698044396,-12.768276992664546
ETTh1,8,31.148806436087497,16.154098142859755,-14.994708293227742
ETTh1,9,23.043829181459216,13.30390556520886,-9.739923616250357
ETTh1,10,17.153794336062607,9.537889788868608,-7.615904547193999
ETTh1,11,13.51337641129891,7.445741659320063,-6.067634751978847
ETTh1,12,9.58271642177496,4.4157016165153955,-5.167014805259564
ETTh1,1,7.961783615491724,2.376293008886678,-5.585490606605045
ETTh1,2,8.501930053212813,3.8382886937331584,-4.663641359479655
ETTh1,3,9.382983863914525,6.667908599139542,-2.715075264774983
ETTh1,4,15.416759719120131,8.226891679275367,-7.1898680398447645
ETTh1,5,17.641606186025886,10.240676067529186,-7.400930118496699
ETTh1,6,18.0829735994339,9.473006464204481,-8.609967135229418
ETTh2,7,40.82810009166759,43.230569898441274,2.402469806773688
ETTh2,8,42.96643618870807,39.32364651721011,-3.6427896714979653
ETTh2,9,34.401227707333035,32.801191714074875,-1.6000359932581603
ETTh2,10,26.422588680380134,25.4873622053413,-0.935226475038835
ETTh2,11,19.63226110537847,20.836198610729642,1.203937505351174
ETTh2,12,15.522744637663646,13.321776218311761,-2.2009684193518844
ETTh2,1,13.710725142430233,9.444401206865516,-4.266323935564717
ETTh2,2,14.661559539536634,12.24685343278716,-2.414706106749474
ETTh2,3,19.197247973052406,20.94045428435008,1.7432063112976728
ETTh2,4,27.628809052705765,27.633361152807872,0.004552100102106493
ETTh2,5,32.80148928139799,32.57881861091942,-0.22267067047857125
ETTh2,6,35.58377503818936,37.00507818960374,1.421303151414385
